customer,targeted_courses,promo_msg
"
    Their academic goals are To become a software engineer.
    Their major is in Computer Science.
    Their Hobbies are Gaming.
    Their computer skills are Advanced.
    Their interest in languages are Spanish.
    Their GPA is 3.7.
    ","### Personalized Ad Campaign for Software Engineering Students
#### Course 1: ""Data Science and Machine Learning"" - Offered by Stanford University on Coursera

This course aligns perfectly with the student's goal to become a software engineer. Data science and machine learning are in-demand skills in the tech industry, and this course provides a comprehensive introduction to these concepts. The student's advanced computer skills will be utilized effectively in this course.

#### Course 2: ""Introduction to Computer Science"" - Offered by Harvard University on edX

As a software engineering major, this course is an excellent fit for the student's academic goals. It covers the fundamental concepts of computer science, including algorithms, data structures, and programming languages. The fact that it's offered by Harvard University lends credibility to the course.

#### Course 3: ""Introduction to Literature"" - Offered by MIT on edX

At first glance, this course may seem unrelated to software engineering. However, understanding literature is essential for effective communication with clients and users in the tech industry. The student's interest in Spanish language might also be connected to literary works from different cultures. Moreover, reading widely can help developers think creatively and develop well-rounded skills.

### Campaign Rationale

Based on our analysis of the student customer's interests, lifestyle, and academic goals, we've curated a personalized ad campaign featuring three courses that cater to their needs. These courses not only align with their goal but also utilize their advanced computer skills, foster their interest in languages (Spanish), and provide a well-rounded education.

### Campaign Strategy

1. Targeted Advertising: Utilize targeted online ads to reach software engineering students, highlighting the benefits of these three courses.
2. Personalized Messaging: Use the student's name and interests to personalize the ad messaging, increasing the likelihood of engagement.
3. Influencer Partnerships: Partner with influencers in the tech industry who can promote these courses to their followers.

### Campaign Budget Allocation

1. Course Promotion (40%): Allocate 40% of the campaign budget to promoting each course individually, highlighting their unique selling points and benefits.
2. Targeted Advertising (30%): Use 30% for targeted online ads, focusing on software engineering students.
3. Influencer Partnerships (20%): Partner with influencers in the tech industry to promote these courses to their followers.

### Campaign Timeline

1. Month 1: Launch campaign and start running targeted ads and influencer partnerships.
2. Month 2-3: Analyze campaign performance, adjust targeting and messaging as needed, and optimize ad spend.

By following this campaign strategy, we can increase the chances of success for our software engineering students and provide them with the best possible educational experience.","**Personalized Ad Campaign for Software Engineering Students**
==============================================================

### Course 1: ""Data Science and Machine Learning"" - Offered by Stanford University on Coursera

Are you ready to unlock the power of data science and machine learning? This course from Stanford University is perfect for software engineering students like you. Learn how to extract insights from complex data, build predictive models, and drive business growth.

**Promotional Message:** ""Unlock the full potential of your coding skills with this comprehensive introduction to data science and machine learning. Get enrolled in this course today!""

### Course 2: ""Introduction to Computer Science"" - Offered by Harvard University on edX

Take the next step in your software engineering journey with this foundational course from Harvard University. Dive into the world of algorithms, data structures, and programming languages, and discover how they shape the tech industry.

**Promotional Message:** ""Get a solid foundation in computer science with this introductory course from Harvard University. Boost your coding skills and take your career to new heights!""

### Course 3: ""Introduction to Literature"" - Offered by MIT on edX

As a software engineer, you're more than just a coder â€“ you're a problem-solver, a communicator, and a creative thinker. This course from MIT will help you develop these skills through the power of literature. Explore how authors think critically, write compellingly, and convey complex ideas.

**Promotional Message:** ""Unlock your full potential as a software engineer with this thought-provoking introduction to literature. Read widely, think deeply, and elevate your career!""

### Campaign Rationale

Our personalized ad campaign is designed to speak directly to the needs and interests of software engineering students like you. By promoting these three courses, we're providing a comprehensive education that covers both technical skills and creative thinking.

### Campaign Strategy

1. Targeted Advertising: Utilize targeted online ads to reach software engineering students, highlighting the benefits of these three courses.
2. Personalized Messaging: Use the student's name and interests to personalize the ad messaging, increasing the likelihood of engagement.
3. Influencer Partnerships: Partner with influencers in the tech industry who can promote these courses to their followers.

### Campaign Budget Allocation

1. Course Promotion (40%): Allocate 40% of the campaign budget to promoting each course individually, highlighting their unique selling points and benefits.
2. Targeted Advertising (30%): Use 30% for targeted online ads, focusing on software engineering students.
3. Influencer Partnerships (20%): Partner with influencers in the tech industry to promote these courses to their followers.

### Campaign Timeline

1. Month 1: Launch campaign and start running targeted ads and influencer partnerships.
2. Month 2-3: Analyze campaign performance, adjust targeting and messaging as needed, and optimize ad spend.

This comprehensive marketing campaign is designed to resonate with software engineering students, providing a clear path to success in the tech industry."
